[
    {
      "id": "1",
      "name":"encuesta1",
      "img":"https://img.freepik.com/vector-gratis/lista-verificacion-o-concepto-encuesta_74855-6987.jpg?w=826&t=st=1677477450~exp=1677478050~hmac=8280f5567e8604a108438dbb733d1a332d881037e99da135b712d5a007d32b9f"
    },
    {
      "id": "2",
      "name": "Encuesta2",
      "img":"https://img.freepik.com/vector-gratis/lista-verificacion-o-concepto-encuesta_74855-6987.jpg?w=826&t=st=1677477450~exp=1677478050~hmac=8280f5567e8604a108438dbb733d1a332d881037e99da135b712d5a007d32b9f"
    },
    {
      "id": "3",
      "name": "Encuesta3",
      "img":"https://img.freepik.com/vector-gratis/lista-verificacion-o-concepto-encuesta_74855-6987.jpg?w=826&t=st=1677477450~exp=1677478050~hmac=8280f5567e8604a108438dbb733d1a332d881037e99da135b712d5a007d32b9f"
    },
    {
      "id": "4",
      "name": "Encuesta4",
      "img":"https://img.freepik.com/vector-gratis/lista-verificacion-o-concepto-encuesta_74855-6987.jpg?w=826&t=st=1677477450~exp=1677478050~hmac=8280f5567e8604a108438dbb733d1a332d881037e99da135b712d5a007d32b9f"
    },
    {
      "id": "5",
      "name": "Encuesta5",
      "img":"https://img.freepik.com/vector-gratis/lista-verificacion-o-concepto-encuesta_74855-6987.jpg?w=826&t=st=1677477450~exp=1677478050~hmac=8280f5567e8604a108438dbb733d1a332d881037e99da135b712d5a007d32b9f"
    },
    {
      "id": "6",
      "name": "Encuesta6",
      "img":"https://img.freepik.com/vector-gratis/lista-verificacion-o-concepto-encuesta_74855-6987.jpg?w=826&t=st=1677477450~exp=1677478050~hmac=8280f5567e8604a108438dbb733d1a332d881037e99da135b712d5a007d32b9f"
    }
  ]